Model,Metric,GT-input,AutoRG-input,Absolute drop,Relative drop (%),Retention (%)
AutoRG-Brain + T5-Small,BLEU-2,58.26,35.93,22.33,38.328184002746305,61.67181599725369
AutoRG-Brain + T5-Small,BLEU-4,44.83,19.87,24.959999999999997,55.6770020075842,44.3229979924158
AutoRG-Brain + T5-Small,ROUGE-1,0.7531,0.5473,0.20579999999999998,27.32704820077015,72.67295179922985
AutoRG-Brain + T5-Small,METEOR,0.6787,0.4311,0.2476,36.48150876675999,63.51849123324001
AutoRG-Brain + T5-Small,BERTScore,0.676,0.4692,0.20680000000000004,30.59171597633136,69.40828402366863
AutoRG-Brain + T5-Small,RadGraph,0.3778,0.374,0.0038000000000000256,1.0058231868713674,98.99417681312863
AutoRG-Brain + T5-Small,RadGraph-Entity,0.5427,0.2892,0.25349999999999995,46.710889994472076,53.28911000552792
AutoRG-Brain + T5-Small,RadGraph-Relation,0.2593,0.2016,0.057699999999999974,22.252217508677198,77.74778249132281
AutoRG-Brain + Flan-T5-Large (LoRA),BLEU-2,48.91,31.0,17.909999999999997,36.61827847066039,63.38172152933961
AutoRG-Brain + Flan-T5-Large (LoRA),BLEU-4,35.18,16.15,19.03,54.093234792495736,45.90676520750426
AutoRG-Brain + Flan-T5-Large (LoRA),ROUGE-1,0.6763,0.5014,0.17490000000000006,25.861304154960823,74.13869584503917
AutoRG-Brain + Flan-T5-Large (LoRA),METEOR,0.5717,0.3659,0.20579999999999998,35.99790099702641,64.0020990029736
AutoRG-Brain + Flan-T5-Large (LoRA),BERTScore,0.5735,0.3934,0.18009999999999998,31.403661726242365,68.59633827375762
AutoRG-Brain + Flan-T5-Large (LoRA),RadGraph,0.2646,0.301,-0.03639999999999999,-13.756613756613753,113.75661375661375
AutoRG-Brain + Flan-T5-Large (LoRA),RadGraph-Entity,0.5657,0.3157,0.25,44.193035177656,55.806964822344
AutoRG-Brain + Flan-T5-Large (LoRA),RadGraph-Relation,0.4911,0.1111,0.38,77.37731622887397,22.622683771126045
AutoRG-Brain + Flan-T5-Large (LoRA + PullLoss),BLEU-2,46.86,29.39,17.47,37.28126333760136,62.71873666239863
AutoRG-Brain + Flan-T5-Large (LoRA + PullLoss),BLEU-4,33.57,15.18,18.39,54.78105451295799,45.218945487042
AutoRG-Brain + Flan-T5-Large (LoRA + PullLoss),ROUGE-1,0.6686,0.4997,0.1689,25.2617409512414,74.73825904875861
AutoRG-Brain + Flan-T5-Large (LoRA + PullLoss),METEOR,0.5552,0.3569,0.19830000000000003,35.71685878962537,64.28314121037464
AutoRG-Brain + Flan-T5-Large (LoRA + PullLoss),BERTScore,0.5616,0.3957,0.1659,29.54059829059829,70.45940170940172
AutoRG-Brain + Flan-T5-Large (LoRA + PullLoss),RadGraph,0.2646,0.301,-0.03639999999999999,-13.756613756613753,113.75661375661375
AutoRG-Brain + Flan-T5-Large (LoRA + PullLoss),RadGraph-Entity,0.5747,0.3157,0.259,45.06699147381243,54.93300852618758
AutoRG-Brain + Flan-T5-Large (LoRA + PullLoss),RadGraph-Relation,0.5337,0.0926,0.44109999999999994,82.64942851789394,17.35057148210605
